<?xml version="1.0" encoding="UTF-8"?>
<project-private xmlns="http://www.netbeans.org/ns/project-private/1">
    <editor-bookmarks xmlns="http://www.netbeans.org/ns/editor-bookmarks/2" lastBookmarkId="0"/>
    <open-files xmlns="http://www.netbeans.org/ns/projectui-open-files/2">
        <group>
            <file>file:/C:/Users/Meu%20Computador/Desktop/Estrutura%20de%20dados/Exercicio_Treino/src/principal/UsarClasse.java</file>
            <file>file:/C:/Users/Meu%20Computador/Desktop/Estrutura%20de%20dados/Exercicio_Treino/src/model/Paciente.java</file>
        </group>
    </open-files>
</project-private>
